MLBAMID,Age,RS_per_9,K_per_9,BB_per_9,H_per_9,HR_per_9,AVG,WHIP,BABIP,LOB_pct,GB_pct,LD_pct,FB_pct,GB_to_FB,HR_to_FB,IFH_pct,FIP,SIERA,Stuff_plus,Location_plus,Pitching_plus,Delta ERA
425844,39,2.38236002,7.14708007,1.58824002,10.3235601,1.58824002,0.27659575,1.32353335,0.30555556,0.6818,0.36842105,0.31578947,0.31578947,1.166666666,0.166666666,0.14285714,4.75504434,4.06478899,89.4515625,102.078125,100.1333333,0.543572884
446372,37,6.75001706,5.40001365,2.02500512,15.5250392,4.05001024,0.37704918,1.95000493,0.36170213,0.6989,0.28301887,0.20754717,0.50943396,0.555555555,0.222222222,0.13333333,8.80505391,5.35455339,97.45,108.7022727,106.5259091,3.186028659
448179,43,1.68749467,7.59372601,4.21873667,8.43747335,0,0.24390244,1.40624556,0.3125,0.5625,0.5,0.25,0.25,2,0,0.0625,3.25503988,4.46408022,94.71893491,94.86686391,97.75207101,-2.197490848
453281,36,3.85714181,6.17142689,0.77142836,10.0285687,2.31428508,0.27659575,1.19999967,0.27777778,0.8333,0.38461538,0.20512821,0.41025641,0.9375,0.1875,0.13333333,5.65574392,4.16336394,74.31556886,99.73233533,94.47125749,0.289288534
456034,35,7.23712052,6.68041894,4.17526184,11.6907331,1.11340316,0.30882353,1.76288833,0.35185185,0.8088,0.4587156,0.28440367,0.25688073,1.785714285,0.142857142,0.12,4.9638465,4.82358606,78.86865942,99.33695652,91.86177536,0.255903987
500779,32,5.14286275,10.9285833,2.8928603,9.00000981,1.92857353,0.25454546,1.32143001,0.31428571,0.8446,0.51315789,0.14473684,0.34210526,1.5,0.23076923,0.02564103,4.59860329,3.18059631,92.27641475,101.2556541,97.59720003,-4.049995449
502179,34,3.80281149,7.60562297,1.5211246,6.84506068,1.14084345,0.1978022,0.92957614,0.22058824,0.6742,0.32394366,0.18309859,0.49295775,0.657142857,0.085714285,0,3.63481838,3.96875876,110.0083799,103.1494413,104.7692737,-1.07746966
502179,35,3.6404453,7.58426105,1.51685221,8.49437237,0.60674088,0.24561404,1.11235829,0.29885058,0.8609,0.34831461,0.21348315,0.43820225,0.794871794,0.051282051,0,2.80905937,3.52398188,102.7693157,102.7896247,104.7002208,-3.685169378
502624,33,4.62855806,6.17141075,2.31427903,9.25711612,0,0.26666667,1.28571057,0.32432432,0.4667,0.33333333,0.22222222,0.44444444,0.75,0,0,2.57003204,4.64496965,92.9654321,101.9246914,100.2938272,-0.764375135
519043,32,2.15999563,6.4799869,2.69999454,8.09998362,1.07999782,0.234375,1.19999757,0.26,0.4651,0.42857143,0.18367347,0.3877551,1.105263157,0.105263157,0.04761905,4.19002825,4.50082186,102.6985401,96.88029197,94.26532847,-1.150310474
527048,30,2.57142857,7.71428571,1.92857143,10.9285714,1.28571429,0.28333333,1.42857143,0.32608696,0.4945,0.54166667,0.14583333,0.3125,1.733333333,0.133333333,0.15384615,4.17003031,3.74946655,84.07379913,102.8222707,100.950655,-0.27
527048,32,5.94000567,6.48000618,2.16000206,7.0200067,0.81000077,0.2184874,1.02000097,0.25,0.8232,0.62765957,0.11702128,0.25531915,2.458333333,0.125,0.03389831,3.97504057,3.64492522,77.01440678,106.1379237,99.32987288,-2.284628134
528748,23,1.54285269,7.71426343,4.62855806,6.17141075,0.77142634,0.18604651,1.19999653,0.21875,0.7143,0.44827586,0.17241379,0.37931034,1.181818181,0.09090909,0,4.11288473,4.7643352,76.92080925,98.76416185,92.37687861,-2.473118159
542888,32,3.375,9.225,1.8,6.075,0.45,0.18243243,0.875,0.23809524,0.7459,0.3364486,0.21495327,0.44859813,0.75,0.041666666,0.11111111,2.75503988,3.41165459,104.2447712,108.995098,108.5962418,1.8
543475,30,6.23076923,4.15384615,2.07692308,5.53846154,0,0.17391304,0.84615385,0.2,0.7273,0.36842105,0.18421053,0.44736842,0.823529411,0,0,2.93926108,5.18403949,87.48678161,94.82758621,92.67068966,-3.312298477
543521,34,5.19230769,10.7307692,1.90384615,7.26923077,0.51923077,0.21761658,1.01923077,0.3046875,0.7874,0.4453125,0.1875,0.3671875,1.212765957,0.063829787,0.07017544,2.28541492,2.84062284,117.3211634,105.1826733,110.2899752,1.90384615
548389,31,6,6,2.4,9,2.4,0.25862069,1.26666667,0.25,0.7639,0.4375,0.1875,0.375,1.166666666,0.222222222,0.04761905,6.30336364,4.5593449,91.16491228,101.1723684,94.61535088,0.708878374
548389,32,3.27272727,9,4.90909091,8.18181818,0.81818182,0.22727273,1.45454546,0.28125,0.6849,0.54545455,0.06060606,0.39393939,1.384615384,0.076923076,0,3.93061163,4.12977181,98.81078431,97.41568627,98.33284314,1.171982286
548389,33,2.26890575,7.48738896,2.04201517,11.3445287,2.49579632,0.30120482,1.48739377,0.31967213,0.7623,0.42857143,0.21052632,0.36090226,1.1875,0.229166666,0.10526316,5.95251671,4.07227047,78.44529412,107.6183824,103.2314706,0.97347609
570632,29,5.6037629,6.62262888,2.54716495,10.6980928,1.01886598,0.29166667,1.47169531,0.33333333,0.6897,0.49152542,0.20338983,0.30508475,1.611111111,0.111111111,0.06896552,4.01908529,4.25213455,90.10357143,93.56571429,91.54107143,-0.869525512
570666,30,6.13635832,6.87272131,3.68181499,8.59090164,1.472726,0.25179856,1.36363518,0.27619048,0.6808,0.55045872,0.16513761,0.28440367,1.93548387,0.193548387,0.06666667,5.02151906,4.06957488,92.75985533,103.5316456,101.5081374,0.613632105
571760,32,5.06248401,11.8124627,4.21873667,9.28122068,0.84374734,0.24444444,1.49999526,0.33333333,0.641,0.43333333,0.16666667,0.4,1.083333333,0.083333333,0.30769231,3.53628899,3.66082998,104.9117371,102.971831,106.2558685,0.979567362
571800,31,5.7446685,8.61700274,6.89360219,6.89360219,0.57446685,0.2,1.5319116,0.25,0.6637,0.37209302,0.1627907,0.46511628,0.8,0.05,0.0625,4.32519316,5.12531149,88.89202899,97.18405797,95.00833333,0.079007969
571927,32,1.6875,8.4375,2.8125,7.3125,0,0.22033898,1.125,0.29545455,0.7,0.48837209,0.27906977,0.23255814,2.1,0,0.14285714,2.69253988,3.66910411,85.02017544,98.76622807,93.95438596,-1.23244382
572070,33,2.73418071,9.5696325,4.10127107,8.20254214,0.34177259,0.23762376,1.36709036,0.31944444,0.578,0.49315068,0.17808219,0.32876712,1.5,0.041666666,0.11111111,2.90420718,3.95062621,105.4016279,101.9806977,104.2481395,-1.80283368
572971,35,6.56758551,8.02704896,5.83785379,11.6757076,0.72973172,0.32,1.94595126,0.39473684,0.7627,0.46153846,0.28205128,0.25641026,1.8,0.1,0.11111111,4.71450333,5.03160275,77.26291667,101.4779167,98.38916667,-1.286623288
579328,31,5.40000993,16.2000298,4.41818994,8.34546988,1.96363997,0.23611111,1.41818443,0.37142857,0.8036,0.38461538,0.30769231,0.30769231,1.25,0.333333333,0.06666667,4.14879535,2.25624148,114.478209,97.89701493,99.46567164,-0.337865902
592346,29,4.29544468,4.90907963,3.06817477,11.0454292,0.61363495,0.30508475,1.56817822,0.34,0.6019,0.36,0.32,0.32,1.125,0.0625,0,3.98821025,5.19791138,91.37625,105.0125,101.2395833,-1.097975075
592716,29,1.58824002,7.94120008,2.38236002,7.14708007,0.79412001,0.21428571,1.05882668,0.25806452,0.5882,0.4375,0.28125,0.28125,1.555555555,0.111111111,0,4.14062143,3.84909639,83.78343195,95.83550296,92.2443787,-0.61763998
592717,29,3.9375,6.1875,1.6875,8.4375,1.125,0.25,1.125,0.27659575,0.5556,0.57142857,0.12244898,0.30612245,1.866666666,0.133333333,0.03571429,4.11242981,3.50186788,91.24135021,103.0544304,100.4345992,-2.096590909
592761,29,7.14705481,9.37058298,3.65293913,6.67058449,0.95294064,0.2,1.14705818,0.24827586,0.8221,0.27027027,0.20945946,0.52027027,0.519480519,0.077922077,0.1,3.84061817,4.13601773,93.50513347,95.66570842,97.03819302,-4.247369931
592767,32,9,6.54545455,2.45454546,9,0,0.26190476,1.27272727,0.32352941,0.8571,0.35483871,0.38709677,0.25806452,1.375,0,0,2.53366667,4.32723452,103.0173913,104.423913,93.89275362,-3.110020384
592767,34,8.79068734,12.2441717,4.08139055,6.90696863,0.94185936,0.20952381,1.2209288,0.3015873,0.7143,0.421875,0.203125,0.375,1.125,0.125,0.03703704,3.25503988,3.23701232,92.97719298,96.8747807,99.40482456,-3.110059443
592826,30,4.25,8.5,2.5,7,0.75,0.20740741,1.05555556,0.25510204,0.6034,0.37,0.11,0.52,0.711538461,0.057692307,0.02702703,3.22354092,3.57841133,98.75233333,99.75766667,100.8603333,-1.012716118
592866,29,2.82089084,9.26864131,2.41790643,10.4775945,0.80596881,0.27956989,1.43283344,0.35294118,0.5298,0.46268657,0.25373134,0.28358209,1.631578947,0.105263157,0.03225806,3.21480635,3.54692498,92.9164613,106.3625832,102.1695858,0.107587854
592866,30,5.29411765,9.70588235,2.64705882,8.47058824,0.70588235,0.24615385,1.23529412,0.32352941,0.8278,0.35036496,0.24817518,0.40145985,0.872727272,0.072727272,0.08333333,3.03399844,3.20731916,94.55386598,103.7050258,100.4311856,-1.719063488
594577,30,3.25,8.25,3,9.5,3,0.26027397,1.38888889,0.25742574,0.7386,0.33628319,0.16814159,0.49557522,0.678571428,0.214285714,0.10526316,6.77909648,3.99659967,96.48112324,98.96864275,97.08065523,1.954555323
594902,31,4.69565217,6.65217391,2.34782609,9.39130435,1.17391304,0.26373626,1.30434783,0.29577465,0.6589,0.47297297,0.2027027,0.32432432,1.458333333,0.125,0.08571429,4.25503988,4.21941845,79.48591954,100.8508621,93.95431034,-0.39527401
595881,29,5.24460036,5.0503559,3.6906447,9.71222289,0.77697783,0.27027027,1.48920751,0.29677419,0.7831,0.49044586,0.21656051,0.29299363,1.673913043,0.086956521,0.03896104,4.53688917,4.77727597,93.4840731,97.54249941,97.29261822,-5.9093553
596001,28,3.75,7.5,3,12.75,3,0.33333333,1.75,0.35135135,0.7792,0.41463415,0.2195122,0.36585366,1.133333333,0.266666666,0.05882353,6.83669697,4.39585319,93.95512195,98.86292683,98.11268293,2.14023822
596001,29,1.92857143,8.67857143,1.92857143,8.67857143,0.32142857,0.25233645,1.17857143,0.32911392,0.7278,0.48101266,0.2278481,0.29113924,1.652173913,0.04347826,0.02631579,2.29100124,3.01433193,101.0849515,102.8837379,105.2143204,-1.607142861
596001,30,4.41818396,10.0636413,2.33181931,10.4318233,1.35000066,0.28619529,1.41818251,0.3627451,0.7343,0.4084507,0.21126761,0.38028169,1.074074074,0.135802469,0.02298851,3.90958566,3.41005452,114.0400679,100.209253,105.0800509,4.5409113
596057,29,3.96503216,11.3286633,4.15384322,6.98600905,2.07692161,0.21142857,1.23776136,0.25,0.5794,0.45217391,0.16521739,0.3826087,1.181818181,0.25,0.05769231,5.16837241,3.19067061,98.38134775,93.65938325,96.75050628,2.391604352
596295,28,3.64864865,6.56756757,2.18918919,8.75675676,1.7027027,0.25174825,1.21621622,0.26605505,0.6818,0.46551724,0.17241379,0.36206897,1.285714285,0.166666666,0.01851852,4.84215954,3.88873368,82.32320261,102.0882353,99.0498366,-0.640938985
601713,30,5.17364974,12.6107712,3.39520764,5.3353263,1.13173588,0.16582915,0.97005933,0.22807018,0.7301,0.35,0.20833333,0.44166667,0.79245283,0.132075471,0.0952381,3.27300394,2.85125426,126.9674752,103.6340684,110.7789416,-1.583317884
605154,32,3.31578947,7.42105263,2.68421053,9.63157895,0.78947368,0.26754386,1.36842105,0.31818182,0.7324,0.35393258,0.17977528,0.46629213,0.759036144,0.060240963,0.0952381,3.49839472,4.05855749,102.9912052,102.3581976,104.0420195,2.813397132
605154,33,5.0624936,11.4749855,3.03749616,7.76249019,1.01249872,0.22115385,1.19999848,0.29850746,0.5036,0.3,0.12857143,0.57142857,0.525,0.075,0.04761905,3.18003998,3.37485565,107.1110403,105.422293,105.9804671,2.410715
605242,28,4.2631579,10.4210526,2.36842105,9,0.94736842,0.25791855,1.2631579,0.34228188,0.8601,0.42580645,0.21290323,0.36129032,1.178571428,0.107142857,0.09090909,3.27529347,3.21973303,104.3768994,99.73193018,103.1410678,-2.447355189
605488,29,4.35485291,9.5806764,2.61291175,3.48388233,0,0.12121212,0.67742156,0.18181818,1,0.5,0.18181818,0.31818182,1.571428571,0,0,1.85436119,2.72370695,96.90555556,104.8006944,104.0076389,-2.664
605507,27,7.14708007,8.73532009,4.76472005,9.5294401,0,0.26666667,1.58824002,0.35294118,0.7368,0.40625,0.125,0.46875,0.866666666,0,0.23076923,3.08179475,4.64563656,94.0795,99.6025,94.0095,-0.074827247
605507,28,3.72414442,6.51725274,2.32759026,11.1724333,0,0.2962963,1.50000261,0.35820896,0.6,0.46268657,0.25373134,0.28358209,1.631578947,0,0.12903226,2.59518753,3.93970921,92.05555556,98.54567901,94.93858025,-0.068243394
607067,32,4.09090909,5.72727273,4.90909091,7.36363636,0.81818182,0.23076923,1.36363636,0.25806452,0.8904,0.59375,0.15625,0.25,2.375,0.125,0.10526316,5.0732217,5.08652946,93.66213018,104.0414201,95.75621302,-2.296173754
607188,27,4.57626335,10.0677794,4.11863701,10.983032,1.83050534,0.28571429,1.67796323,0.34482759,0.7042,0.41666667,0.15,0.43333333,0.961538461,0.153846153,0.08,5.10223039,4.09555393,83.37742718,92.13495146,91.64004854,1.102988504
607231,28,2.21311074,8.40982081,4.42622148,6.63933222,0.44262215,0.19736842,1.22950597,0.25,0.7422,0.43859649,0.24561404,0.31578947,1.388888888,0.055555555,0.08,3.71101293,4.45130466,92.28738128,93.10672298,91.86115026,-1.760622234
607259,31,4,8,2.33333333,7,1,0.20895522,1.03703704,0.24489796,0.7905,0.49006623,0.1589404,0.35099338,1.396226415,0.113207547,0.12162162,3.72354092,3.41654876,92.1991453,101.274359,100.3078144,-1.632698999
607259,32,5.85221367,9.17733507,2.92610684,9.44334479,1.06403885,0.26792453,1.37438351,0.33510638,0.7311,0.53968254,0.1957672,0.26455026,2.04,0.16,0.07843137,3.86095089,3.52552924,92.14146789,102.9761468,102.0999083,1.802839769
608344,29,3.25862637,9.31036106,2.32759026,8.37932495,0.93103611,0.2278481,1.18965725,0.28070175,0.6306,0.51724138,0.20689655,0.27586207,1.875,0.125,0.1,3.61710948,3.41296723,80.50327381,102.0678571,96.39672619,-1.551718458
608379,29,2.59615889,9.86540379,2.59615889,11.9423309,3.63462245,0.31506849,1.61538776,0.34042553,0.6593,0.39622642,0.26415094,0.33962264,1.166666666,0.388888888,0,7.09311486,3.57136487,100.4337037,100.8244444,100.682963,3.779744095
608723,30,2.48683849,8.17104074,3.55262641,14.2105056,1.7763132,0.35087719,1.97368134,0.40697674,0.6047,0.41758242,0.21978022,0.36263736,1.151515151,0.151515151,0.02631579,5.04663752,4.10738434,92.64094578,101.6099594,102.0517786,5.105537127
615698,26,2.51162496,6.90696863,3.76743743,7.84882798,0.62790624,0.23584906,1.29069616,0.28048781,0.914,0.4556962,0.27848101,0.26582278,1.714285714,0.095238095,0,4.11188967,4.57560298,96.18421053,99.90745614,97.41622807,-1.240248222
621219,29,5.03388968,6.86439502,4.57626335,10.983032,1.372879,0.3,1.7288106,0.33870968,0.6402,0.53125,0.171875,0.296875,1.789473684,0.157894736,0.02941176,5.61070409,4.85110531,82.06022099,97.42403315,91.47651934,1.604753536
621368,26,4.72500282,9.28125553,4.55625272,7.59375453,1.35000081,0.2238806,1.35000081,0.26811594,0.7803,0.40714286,0.19285714,0.4,1.017857142,0.142857142,0.07017544,4.68878121,4.30961494,103.0175691,96.7,98.6720442,-2.279777302
621368,27,3.95121951,9.43902439,3.29268293,7.02439024,0.43902439,0.20512821,1.14634146,0.27027027,0.6561,0.375,0.26785714,0.35714286,1.05,0.05,0.07142857,2.74657615,3.44942508,105.6280387,99.49198895,100.1651934,-2.742042168
621381,31,5.7975494,10.7668775,1.98773122,7.12270355,1.32515415,0.21078431,1.01227053,0.26717557,0.8219,0.32592593,0.2,0.47407407,0.6875,0.125,0,3.43908907,2.99717326,105.8157462,104.8217391,105.2950646,-1.234051292
621383,31,4.08552375,7.28289017,2.30920908,8.17104751,1.59868321,0.2408377,1.16447295,0.26241135,0.7692,0.39597315,0.18120805,0.42281879,0.936507936,0.142857142,0.03389831,4.89319675,4.15857416,89.01513648,101.0158809,100.2236973,-3.059872367
621389,32,4.05001024,3.37500853,1.35000341,16.2000409,1.35000341,0.38095238,1.95000493,0.39285714,0.5785,0.46551724,0.31034483,0.22413793,2.076923076,0.153846153,0.07407407,5.13004462,4.81592069,74.19393939,101.8519481,88.99090909,1.461360178
622072,32,3.5761612,6.2582821,3.03973702,8.40397882,0.35761612,0.2460733,1.27152398,0.29220779,0.7595,0.49032258,0.18709677,0.32258065,1.52,0.04,0.05263158,3.51331819,4.53076825,82.38142681,99.79323493,95.53234932,-3.402390229
622694,27,2.87233425,10.9148701,5.17020165,9.76593644,2.87233425,0.27868853,1.6595709,0.32432432,0.7,0.14285714,0.21428571,0.64285714,0.222222222,0.185185185,0,6.75071986,4.31627695,80.74329897,101.909622,97.80171821,1.489501684
623167,27,1.61999673,6.4799869,3.77999236,5.39998908,0,0.16393443,1.01999794,0.20408163,0.5882,0.38297872,0.12765957,0.4893617,0.782608695,0,0.05555556,2.93243017,4.64232259,99.10853659,97.75081301,97.71626016,-2.396532196
623167,28,2.55405057,5.83782986,4.01350803,11.6756597,2.1891862,0.31683168,1.74324086,0.32911392,0.7803,0.4,0.25882353,0.34117647,1.172413793,0.206896551,0.08823529,6.45773821,5.20651911,87.06608479,97.73092269,91.80299252,-1.346725554
624133,25,5.13223545,9.37190821,3.1239694,4.68595411,0.66942202,0.14893617,0.86776928,0.1875,0.858,0.63541667,0.125,0.23958333,2.652173913,0.130434782,0.03278689,3.31879076,3.22972108,86.14237856,102.9673367,96.78978224,-0.391910036
624522,26,5.10810811,9.97297297,4.86486487,6.81081081,1.7027027,0.2,1.2972973,0.22826087,0.9694,0.41666667,0.21875,0.36458333,1.142857142,0.2,0.05,5.11597625,4.20980424,106.6822294,99.18029079,99.15896607,-3.077783019
624522,27,3.43636066,10.309082,3.43636066,4.66363232,0.49090867,0.15447155,0.89999922,0.21518987,0.9036,0.575,0.0875,0.3375,1.703703703,0.074074074,0.10869565,2.92152088,2.95024507,114.03407,100.1082873,102.3637201,-3.352808108
625643,27,7.96722632,9.73772106,1.32787105,4.42623684,1.32787105,0.14285714,0.63934532,0.15555556,0.7955,0.3125,0.25,0.4375,0.714285714,0.142857142,0.06666667,3.36675195,2.83085568,109.24375,103.74375,102.895625,-1.885099355
630023,29,5.39999588,4.53599654,2.59199802,7.55999423,1.51199885,0.22580645,1.12799914,0.22047244,0.9184,0.42857143,0.19548872,0.37593985,1.14,0.14,0,5.43903822,5.11489686,94.71938611,97.86720517,93.31550889,-5.084315969
640455,31,4.81690141,10.3943662,3.29577465,7.22535211,0.88732394,0.21509434,1.16901409,0.28409091,0.6736,0.40659341,0.23076923,0.36263736,1.121212121,0.106060606,0.02702703,3.4944765,3.49641116,93.86855501,101.0420361,96.36707718,-0.638326697
640470,26,5.12069858,9.77587911,0.93103611,7.44828884,0.46551805,0.21917808,0.93103611,0.29411765,0.9036,0.47916667,0.27083333,0.25,1.916666666,0.083333333,0.08695652,1.98037306,2.62673735,110.4428058,104.8057554,105.5881295,-3.766471421
641302,26,5.44537379,7.94117011,2.26890575,9.7562947,1.58823402,0.26380368,1.33613338,0.29752066,0.7466,0.4015748,0.17322835,0.42519685,0.944444444,0.129629629,0.07843137,4.53137376,4.05082512,90.90115132,103.9886513,101.7251645,1.162813292
641302,27,4.71428571,3.85714286,1.28571429,7.71428571,0.42857143,0.23076923,1,0.25,0.9184,0.42647059,0.17647059,0.39705882,1.074074074,0.037037037,0.10344828,3.302906,4.60258195,85.6737931,105.9048276,100.5968966,-4.45178571
641482,26,3.20338434,12.8135374,3.66101068,6.40676868,0.45762634,0.1971831,1.11864215,0.30952381,0.7767,0.39534884,0.23255814,0.37209302,1.0625,0.0625,0.05882353,2.20393027,2.88768054,88.68492308,102.4372308,103.188,-0.780051638
641540,28,4.20778668,5.25973335,2.45454223,8.06492448,1.05194667,0.23469388,1.16882963,0.25,0.6475,0.5060241,0.12048193,0.37349398,1.354838709,0.096774193,0.02380952,4.65763544,4.7176538,81.64310777,101.2877193,94.01002506,1.007415162
641712,28,6.06123699,6.61225854,3.85715082,10.4694094,0.55102155,0.28358209,1.59184002,0.33333333,0.7422,0.47272727,0.21818182,0.30909091,1.529411764,0.058823529,0.15384615,4.05095989,4.78136871,92.78885017,92.5554007,89.93170732,-1.404387642
641743,26,5.40001365,9.45002388,5.40001365,12.1500307,3.37500853,0.32142857,1.95000493,0.35135135,0.8,0.5,0.19047619,0.30952381,1.615384615,0.384615384,0.14285714,7.97004244,4.51998236,88.3578125,93.90039063,91.89375,2.998781927
641745,26,2.59615889,9.86540379,5.19231779,12.9807945,0.51923178,0.32894737,2.0192347,0.42857143,0.6548,0.61403509,0.10526316,0.28070175,2.1875,0.0625,0.05714286,3.40089191,3.79915345,104.2180473,92.62514793,96.42840237,1.301612603
641771,28,10.1250256,11.475029,4.72501194,11.475029,2.70000682,0.32075472,1.80000455,0.40625,0.7216,0.31428571,0.28571429,0.4,0.785714285,0.285714285,0.09090909,6.32003827,3.86005449,107.3233607,90.7397541,93.46803279,2.317181239
641771,30,1.65306464,7.16328008,6.61225854,11.0204309,1.65306464,0.3030303,1.95918772,0.34,0.6376,0.33962264,0.33962264,0.32075472,1.058823529,0.176470588,0.05555556,6.62239377,5.73658514,108.3350649,93.31525974,96.54318182,-2.245810829
641778,26,1.5,12,4.5,6.75,2.25,0.20454546,1.25,0.24,0.8333,0.32142857,0.17857143,0.5,0.642857142,0.214285714,0,5.25336364,3.52665078,97.69619048,96.92714286,93.9047619,1.462509487
641793,27,0.48214199,8.67855576,3.37499391,11.5714077,1.44642596,0.3,1.66071129,0.3559322,0.6343,0.45901639,0.2295082,0.31147541,1.47368421,0.157894736,0.03571429,4.54075185,4.09071978,101.9493789,107.6782609,108.3440994,3.343444064
642028,27,3.64865862,3.64865862,4.37839034,7.29731724,2.18919517,0.21276596,1.29730084,0.17948718,0.7627,0.29268293,0.17073171,0.53658537,0.545454545,0.136363636,0.08333333,6.92325103,6.21408844,81.48484848,95.6959596,91.97777778,-0.034735083
642092,26,2.55118302,5.95276038,1.91338726,10.2047321,1.48819009,0.27745665,1.3464577,0.29710145,0.7227,0.42657343,0.2027972,0.37062937,1.150943396,0.132075471,0.04918033,4.91806312,4.50401836,91.46293605,104.10625,99.51395349,-3.03023255
642232,29,5.44736842,7.10526316,1.89473684,8.05263158,0.71052632,0.23611111,1.10526316,0.27927928,0.7078,0.36036036,0.1981982,0.44144144,0.81632653,0.061224489,0.075,3.72266189,4.17481153,74.79727273,100.8593939,94.06227273,-1.435222672
642232,30,4.53781149,6.35293609,2.49579632,10.8907476,2.04201517,0.29268293,1.48739377,0.30708661,0.8333,0.43939394,0.17424242,0.38636364,1.137254901,0.176470588,0.06896552,5.78469658,4.2465214,80.5755102,101.2080175,95.20918367,0.074998055
642232,31,4.32824094,7.4198416,1.44274698,8.86258858,1.44274698,0.25294118,1.14503728,0.28346457,0.7522,0.36641221,0.19847328,0.4351145,0.842105263,0.122807017,0.02083333,4.5145809,3.95404826,80.48652681,104.7717886,96.22656587,-0.367411234
642545,26,6.21818182,6.54545455,3.76363636,10.3090909,2.29090909,0.28378378,1.56363636,0.29166667,0.5786,0.38674033,0.19337017,0.4198895,0.921052631,0.184210526,0.07142857,6.41867625,4.97464158,96.89647727,97.09420455,97.19443182,1.115514981
643377,26,6.39471983,7.81576868,3.55262213,9.94734196,3.55262213,0.26923077,1.49999601,0.25,0.6667,0.29268293,0.17073171,0.53658537,0.545454545,0.227272727,0.08333333,7.7489655,4.7904259,77.7446281,98.85413223,100.5760331,1.714804009
643410,31,3.37500201,10.4625062,3.03750181,6.24375372,0.8437505,0.19072165,1.03125062,0.2519685,0.7736,0.51937984,0.17054264,0.31007752,1.675,0.125,0.10447761,3.29992992,2.89353748,90.71904177,95.60921376,93.78832924,-5.294058178
650633,26,5.35344388,9.77585403,2.79310115,6.98275288,0.69827529,0.20547945,1.086206,0.26732673,0.8333,0.46601942,0.23300971,0.30097087,1.548387096,0.096774193,0.04166667,3.17003031,3.4106801,104.5298333,103.0261667,104.5873333,-3.145381206
650633,28,3.63730771,10.6321302,3.21761836,7.13471897,0.8393787,0.2125,1.1502597,0.28481013,0.7932,0.46296296,0.2037037,0.33333333,1.388888888,0.111111111,0.08,3.41048038,3.35962034,113.7594118,99.69892157,102.6709804,0.846315193
650911,25,2.69999659,8.09998977,4.72499403,9.44998806,0.67499915,0.26168224,1.57499801,0.32098765,0.5924,0.58536585,0.15853659,0.25609756,2.285714285,0.095238095,0.0625,4.19992844,4.06182065,94.53247863,94.92564103,96.94700855,3.374982941
656222,28,4.65517548,10.4275931,3.16551932,6.70345269,1.11724211,0.20338983,1.09655245,0.26086957,0.7848,0.49166667,0.175,0.33333333,1.475,0.15,0.05084746,3.46415418,2.96191999,100.7551331,99.5026616,102.1210393,-0.048992412
656222,29,3.80769231,10.7307692,4.84615385,10.0384615,0.69230769,0.27102804,1.65384615,0.36486487,0.5097,0.46052632,0.17105263,0.36842105,1.25,0.071428571,0.05714286,3.60119373,4.07176904,90.8045929,92.97473904,89.33298539,5.206430735
656529,24,2.60240647,10.4096259,1.62650404,12.0361299,1.95180485,0.32173913,1.51807044,0.4025974,0.7738,0.48192771,0.18072289,0.3373494,1.428571428,0.214285714,0.025,4.2182218,2.99869909,95.17889344,99.89446721,99.64221311,-3.022926894
656546,28,4.17857143,12.8571429,4.82142857,8.03571429,1.92857143,0.23584906,1.42857143,0.31666667,0.9249,0.42424242,0.16666667,0.40909091,1.037037037,0.222222222,0,5.02717317,3.45302851,112.2148515,95.38079208,101.9906931,-1.66428571
656548,25,4.875,9,3.75,3.375,0,0.10843374,0.79166667,0.15254237,0.8421,0.42372881,0.18644068,0.38983051,1.086956521,0,0.04,2.42003031,3.95165184,100.9391858,101.8534351,102.0536896,-9.75
656557,25,6.96776466,12.1935882,5.22582349,5.22582349,0,0.16666667,1.16129411,0.27272727,0.6667,0.42857143,0.0952381,0.47619048,0.9,0,0.11111111,2.20228522,3.65335484,109.5342541,97.85082873,105.2779006,-1.068904437
656557,26,3.53077182,8.93077578,3.1153869,7.06154364,0.62307738,0.21383648,1.13077006,0.27433628,0.7992,0.53043478,0.2,0.26956522,1.967741935,0.096774193,0.09836066,3.34319921,3.27544349,105.875625,96.30640625,99.6940625,-1.619989286
656578,27,3.93203112,8.38833305,1.31067704,8.65046846,1.83494785,0.24087591,1.10679394,0.26530612,0.7092,0.39047619,0.21904762,0.39047619,1,0.170731707,0.04878049,4.47833845,3.5310722,94.45456238,105.6851024,101.4497207,-0.614895993
656629,25,2.92771253,13.0120557,3.41566461,7.64458271,1.13855487,0.22169811,1.22891637,0.32,0.7601,0.36434109,0.18604651,0.4496124,0.810344827,0.120689655,0.10638298,3.11581341,2.88606541,128.8579295,103.7027533,112.009141,1.975045271
656849,26,3.06817477,9.81815926,4.29544468,7.36361945,1.84090486,0.23076923,1.29545157,0.27272727,0.8784,0.42857143,0.17142857,0.4,1.071428571,0.214285714,0,5.02151633,3.62571128,89.43913043,92.42478261,91.85521739,-0.175333137
656876,25,5.29411765,11.9117647,4.76470588,8.47058824,0.79411765,0.23703704,1.47058824,0.33333333,0.6987,0.43333333,0.27777778,0.28888889,1.5,0.115384615,0.02564103,3.2582656,3.64777344,122.5463942,100.5790346,109.4328161,2.042016811
657006,25,7.42501877,14.1750358,4.72501194,4.72501194,1.35000341,0.14893617,1.05000265,0.20833333,0.9091,0.73076923,0.11538462,0.15384615,4.75,0.5,0.10526316,3.99503239,2.70474973,107.6653509,101.6491228,101.3289474,-2.921556164
657053,27,2.13157328,7.10524426,5.68419541,2.8420977,0.71052443,0.1025641,0.9473659,0.10714286,0.8621,0.5862069,0.20689655,0.20689655,2.833333333,0.166666666,0.05882353,4.83398305,5.06178154,95.76752577,90.35051546,91.14123711,-3.316854353
657093,29,6.09679408,4.35485291,3.48388233,18.2903822,0.87097058,0.4375,2.41936273,0.47619048,0.5932,0.30232558,0.39534884,0.30232558,1,0.076923076,0.07692308,4.56404745,5.29433869,88.01538462,102.0340659,96.14120879,5.412255347
657376,26,3.7173913,8.2173913,4.10869565,6.45652174,0.97826087,0.2,1.17391304,0.23728814,0.7917,0.40983607,0.19672131,0.39344262,1.041666666,0.104166666,0.02,4.13416894,4.07379843,112.1816689,99.71108071,104.7015048,-1.88942762
657508,26,2.8125,7.3125,3.375,9.5625,0.5625,0.27419355,1.4375,0.33333333,0.7203,0.4375,0.20833333,0.35416667,1.235294117,0.058823529,0.04761905,3.79992981,4.1427815,112.2619718,97.36901408,102.1109155,-1.462509925
657649,28,5.78571429,5.78571429,1.28571429,8.35714286,0,0.24074074,1.07142857,0.28888889,0.5882,0.51111111,0.15555556,0.33333333,1.533333333,0,0.04347826,2.68385838,3.75728082,79.940625,92.64151786,86.584375,-1.894745348
657756,27,3.17647437,8.25883335,2.22353206,13.9764872,0.95294231,0.34645669,1.80000214,0.41836735,0.6225,0.38,0.23,0.39,0.974358974,0.076923076,0.10526316,3.8550406,4.12110192,82.276,103.1072381,96.33066667,-0.321227604
658648,26,2.91891493,10.2162023,3.2837793,5.83782986,0.36486437,0.18181818,1.01351213,0.25423729,0.8984,0.55932203,0.22033898,0.22033898,2.538461538,0.076923076,0,2.84963503,3.20674264,74.16460396,96.80990099,97.54257426,-3.449626994
659275,28,4.58489692,13.2452578,6.62262888,7.64149486,1.01886598,0.22727273,1.58490264,0.34210526,0.687,0.4,0.2,0.4,1,0.125,0.1875,4.07568896,4.03186173,103.366055,95.92293578,97.52293578,1.105688964
659275,30,1.42104885,9.94734196,9.23681753,12.7894397,2.13157328,0.32727273,2.44736191,0.39473684,0.4478,0.43902439,0.19512195,0.36585366,1.2,0.2,0.11111111,7.2023978,5.84489582,89.9849911,88.00983665,89.48938056,1.9894397
660261,29,4.69564701,10.1249889,4.84238598,6.89673155,0.73369485,0.2079646,1.30434639,0.27631579,0.6104,0.39490446,0.20382166,0.40127389,0.984126984,0.079365079,0.06451613,3.87460442,4.16970348,115.3080927,92.7584075,96.07318163,-9.12825982
660365,33,0.88524737,4.86886053,3.09836579,11.0655921,2.65574211,0.29411765,1.5737731,0.27941177,0.8943,0.40277778,0.20833333,0.38888889,1.035714285,0.214285714,0.06896552,7.10446306,5.28529471,87.49161491,97.34099379,94.68726708,-1.73113947
660761,23,4.28049308,8.56098616,2.96341829,6.91464267,0.9878061,0.21,1.09756233,0.25352113,0.9302,0.50684932,0.16438356,0.32876712,1.541666666,0.125,0.05405405,3.68222606,3.72274472,85.34771689,103.8004566,100.3452055,-2.461007528
663436,25,6.63157895,6.63157895,1.89473684,7.10526316,1.42105263,0.21126761,1,0.22222222,0.8228,0.4,0.18181818,0.41818182,0.956521739,0.130434782,0.09090909,4.48085086,3.87023289,90.52392857,101.5239286,101.0464286,-2.165417468
663460,23,3.0759533,7.51899696,5.12658884,6.4936792,0,0.20212766,1.29114089,0.26388889,0.7429,0.53521127,0.09859155,0.36619718,1.461538461,0,0.05263158,3.32192924,4.92190805,78.54428571,97.04285714,91.56785714,-1.698950969
663465,23,7.09090909,10.0909091,3.27272727,9.81818182,1.63636364,0.26666667,1.45454546,0.32608696,0.7143,0.41237113,0.20618557,0.3814433,1.081081081,0.162162162,0.05,4.47306061,3.71231526,86.64851974,100.6919408,95.83601974,0.054547557
663485,24,0.98181999,7.85455989,2.94545996,8.34546988,0.49090999,0.23943662,1.25454776,0.2962963,0.7317,0.41818182,0.16363636,0.41818182,1,0.04347826,0.04347826,3.54879425,3.90943201,78.67173913,97.90776398,94.76521739,-6.050142455
663559,26,7.64152538,7.64152538,1.52830508,6.62265533,1.52830508,0.19402985,0.90566227,0.20408163,0.678,0.36,0.2,0.44,0.818181818,0.136363636,0,4.27390993,3.80759396,76.92425532,98.89914894,92.95489362,-5.552558521
663567,26,7.18085879,9.76596795,4.02128092,11.2021397,2.58510916,0.30952381,1.69149118,0.36144578,0.7005,0.41304348,0.13043478,0.45652174,0.904761904,0.214285714,0.10526316,6.25504311,4.08194412,92.34555985,97.1472973,94.31737452,2.39362444
663574,24,3.71249531,12.1499847,3.71249531,5.39999318,1.34999829,0.17204301,1.01249872,0.22641509,0.9449,0.35087719,0.24561404,0.40350877,0.869565217,0.173913043,0.05,4.10752912,3.10622684,99.92273782,98.44292343,98.56009281,-1.417495338
663687,26,4.90909091,8.45454546,4.36363636,7.90909091,0.81818182,0.22834646,1.36363636,0.27956989,0.5479,0.43617021,0.13829787,0.42553191,1.025,0.075,0.02439024,4.28534291,4.52948293,86.94338983,98.29508475,95.86728814,-1.25454545
663753,24,5.26827969,7.24388458,7.90241954,5.92681466,0,0.18367347,1.53658158,0.23684211,0.7727,0.43243243,0.08108108,0.48648649,0.888888888,0,0.0625,4.41392968,6.28766862,94.13951613,96.44153226,92.94072581,-3.163861118
663765,24,2.34782351,7.6304264,4.10869114,7.33694846,1.46738969,0.22321429,1.27173773,0.24691358,0.8462,0.46511628,0.20930233,0.3255814,1.428571428,0.178571428,0.05,5.64828845,4.55960143,89.72836096,97.3985267,94.16850829,-0.319921935
663765,26,5.14285714,6.42857143,5.78571429,9.64285714,0.64285714,0.26785714,1.71428571,0.31111111,0.708,0.47826087,0.2173913,0.30434783,1.571428571,0.071428571,0.09090909,4.68361131,5.50256097,90.74666667,97.49333333,94.96857143,-2.450488487
663773,26,4.71428571,7.28571429,2.78571429,9,1.5,0.25766871,1.30952381,0.28688525,0.6926,0.48062016,0.17829457,0.34108527,1.409090909,0.159090909,0.0483871,4.80265893,4.18104958,98.13233438,102.5605678,101.5716088,-1.878729796
663855,25,2.82857143,9.77142857,3.6,6.68571429,0.51428571,0.20472441,1.14285714,0.27586207,0.6378,0.58426966,0.17977528,0.23595506,2.476190476,0.095238095,0.11538462,3.05528695,3.08710112,123.0810036,96.44408602,102.965233,-1.096932858
663941,27,5.67123288,7.39726027,2.34246575,8.01369863,0.98630137,0.23381295,1.15068493,0.27142857,0.7487,0.43317972,0.1797235,0.38709677,1.119047619,0.095238095,0.04255319,3.8988755,4.07613634,100.4149819,97.8916065,99.88880866,-4.17123288
664299,24,3.7594914,12.30379,5.46835113,6.49366697,1.53797376,0.19587629,1.32911312,0.25663717,0.8143,0.25833333,0.26666667,0.475,0.543859649,0.157894736,0.06451613,4.70800406,3.87348092,109.6591432,95.18495298,97.93897597,0.786543807
664299,25,0.62790845,13.1860775,1.88372536,5.02326762,0.62790845,0.16326531,0.76744367,0.25925926,0.9483,0.25925926,0.18518519,0.55555556,0.466666666,0.066666666,0,2.13568333,1.85065397,117.0061674,105.6563877,110.8568282,-1.424090633
664353,28,3.30612927,6.06123699,3.30612927,8.81634472,2.20408618,0.25,1.34694155,0.24489796,0.6897,0.39622642,0.16981132,0.43396226,0.913043478,0.173913043,0.04761905,6.3774953,4.96891151,105.0213768,101.101087,102.7945652,1.046954691
665621,24,1.28571429,10.9285714,1.92857143,4.5,1.28571429,0.14583333,0.71428571,0.17241379,0.8333,0.35483871,0.16129032,0.48387097,0.733333333,0.133333333,0.18181818,3.18385838,2.33230342,95.16219512,98.9199187,100.1650407,-2.536679538
665622,24,2.63414959,10.5365984,3.95122438,9.21952356,1.31707479,0.25925926,1.46341644,0.33333333,0.6319,0.36842105,0.19736842,0.43421053,0.848484848,0.121212121,0.10714286,4.35260221,3.83844433,106.6675052,95.0572327,96.61698113,-0.197290228
665665,26,5.91240464,7.68612604,3.9416031,7.88320619,0.78832062,0.23668639,1.3138677,0.28571429,0.7721,0.59375,0.0859375,0.3203125,1.853658536,0.097560975,0.07894737,3.85695484,3.90607454,95.2675817,103.5694118,101.8952941,-16.89679788
665871,25,3.07185453,8.40718083,3.71856075,7.27544495,0.64670622,0.22167488,1.22155619,0.27891157,0.7919,0.4829932,0.17687075,0.34013605,1.42,0.08,0.05633803,3.6682133,4.13018344,93.81100811,98.07497103,93.92641947,0.053222778
666142,25,8.87672462,8.87672462,5.17808936,7.39727052,1.4794541,0.21978022,1.39726221,0.25396825,0.6122,0.40298507,0.19402985,0.40298507,1,0.148148148,0.11111111,5.2687413,4.67749384,99.22506203,93.06426799,95.50769231,3.280608418
666154,25,7.25374229,3.62687114,3.62687114,8.05971365,0.80597137,0.24390244,1.29850942,0.25352113,0.5137,0.42465753,0.19178082,0.38356164,1.107142857,0.071428571,0.03225806,5.22519211,5.83184358,76.10914454,98.91681416,90.2,-4.92061989
666205,25,2.11764706,5.29411765,4.23529412,12.1764706,1.58823529,0.32394366,1.82352941,0.34482759,0.7463,0.36666667,0.16666667,0.46666667,0.785714285,0.107142857,0.09090909,5.78445165,5.64360694,97.08541033,97.40547112,96.40851064,-2.27647059
666214,25,4.26316357,9.94738165,3.19737267,6.39474535,2.13158178,0.19565217,1.06579089,0.20689655,0.8065,0.40625,0.078125,0.515625,0.787878787,0.181818181,0.03846154,5.18925298,3.58806104,92.98905109,99.40729927,94.8946472,-3.467130313
666374,24,5.28260289,12.6195514,4.69564701,6.45651465,0,0.2,1.23912907,0.32835821,0.7949,0.46969697,0.21212121,0.31818182,1.476190476,0,0.16129032,1.97112672,3.00088214,128.465625,94.53841912,108.0145221,-5.30217649
666721,23,4.72501194,10.8000273,4.05001024,5.40001365,2.02500512,0.16666667,1.05000265,0.17241379,0.8163,0.59375,0.09375,0.3125,1.9,0.3,0,4.98743455,3.08109498,91.37292109,101.8857127,94.40556571,-2.873058557
666745,25,4.77875703,8.12388695,1.67256496,5.97344629,0.23893785,0.1908397,0.84955681,0.25,0.7669,0.46875,0.17708333,0.35416667,1.323529411,0.029411764,0.04444444,2.51167768,3.38244112,93.07418112,103.0888247,100.3974952,-4.889153884
667498,25,2.51163381,7.53490144,2.51163381,13.1860775,1.25581691,0.328125,1.74419015,0.38,0.4955,0.31372549,0.31372549,0.37254902,0.842105263,0.105263157,0.0625,4.14677679,4.40931379,89.70646388,104.4201521,102.1847909,0.387821367
668868,25,6.85714286,11.1428571,4.71428571,9.85714286,0.85714286,0.27710843,1.61904762,0.38181818,0.7372,0.48214286,0.30357143,0.21428571,2.25,0.166666666,0,3.58837322,3.71518208,75.1462141,95.73524804,90.63733681,-0.280465383
669060,24,4.02985683,6.44777092,2.01492841,8.46269934,1.20895705,0.23333333,1.16418086,0.25352113,0.5702,0.48648649,0.21621622,0.2972973,1.636363636,0.136363636,0.08333333,4.23183448,3.78869967,89.23674699,105.8644578,102.2554217,-2.351702569
669211,26,3,8.5,1,10.5,0.5,0.28767123,1.27777778,0.36363636,0.5556,0.41071429,0.17857143,0.41071429,1,0.04347826,0.08695652,2.33669697,3.42635496,102.5045161,105.3593548,103.4303226,-1.396103896
669461,23,4.97367098,8.52629311,3.55262213,4.26314655,0.71052443,0.13953488,0.86841874,0.16666667,0.7547,0.48387097,0.19354839,0.32258065,1.5,0.1,0,3.80766999,3.94317858,97.43543689,94.3723301,96.04368932,-3.03545332
669467,23,4.36024586,5.53415821,4.02484234,8.72049173,0.50310529,0.25365854,1.41614823,0.28994083,0.8496,0.66470588,0.17058824,0.16470588,4.035714285,0.107142857,0.04424779,3.95093863,3.91541489,86.9009009,96.49493243,94.00056306,-1.627637749
669674,25,3.43636995,7.3636499,3.92727995,8.34546988,0.98181999,0.23943662,1.36363887,0.27777778,0.4545,0.39285714,0.19642857,0.41071429,0.956521739,0.086956521,0.18181818,4.58821473,4.72823872,100.0937313,96.23761194,97.53552239,2.439897401
669674,26,5.1,7.5,4.2,7.5,1.8,0.2173913,1.3,0.22619048,0.7278,0.39772727,0.15909091,0.44318182,0.897435897,0.153846153,0.05714286,5.54576314,4.44161759,95.41697761,95.58171642,96.78003731,0.981073106
669713,25,6.02479814,9.59504889,4.46281344,6.91736082,1.33884403,0.20945946,1.26446381,0.25252525,0.8216,0.46666667,0.17142857,0.36190476,1.289473684,0.157894736,0.04081633,4.5442971,4.10208295,104.0842185,99.60576631,100.2968134,-1.939953332
669854,29,1.28571429,10.9285714,4.5,11.5714286,0.64285714,0.30508475,1.78571429,0.41463415,0.6911,0.28571429,0.28571429,0.42857143,0.666666666,0.055555555,0.08333333,3.4693256,4.06918836,97.27730769,96.91423077,96.91307692,-0.879699245
669920,29,2.2978674,6.89360219,3.4468011,10.9148701,2.2978674,0.296875,1.59574125,0.3125,0.567,0.5,0.15384615,0.34615385,1.444444444,0.222222222,0.03846154,6.04859371,4.2117917,83.91411765,95.27058824,87.19490196,2.646640469
669947,29,4.59574962,5.74468703,3.44681222,8.32979619,1.43617176,0.24166667,1.30851205,0.25263158,0.7143,0.38383838,0.17171717,0.44444444,0.863636363,0.113636363,0.10526316,5.29759527,5.12453832,82.4959432,100.1853955,100.1693712,-1.561046471
669952,26,4.69564701,8.21738228,3.22825732,6.45651465,0.58695588,0.18965517,1.07608577,0.23255814,0.5298,0.48863636,0.18181818,0.32954545,1.48275862,0.068965517,0.02325581,3.26785629,3.99009686,107.7224852,101.9692308,106.7518738,-3.83967649
669952,27,6.51724245,7.91379441,1.86206927,10.241381,0.93103464,0.28571429,1.34482781,0.34482759,0.5372,0.4,0.21666667,0.38333333,1.04347826,0.086956521,0.04166667,3.47449884,3.52108364,92.69647436,98.38621795,96.91410256,0.742103818
670046,27,3.70588235,8.47058824,4.76470588,9,1.05882353,0.25,1.52941177,0.3,0.7025,0.40384615,0.17307692,0.42307692,0.954545454,0.09090909,0.0952381,4.66680459,4.7102366,75.58315412,92.67706093,91.05913978,3.04411765
670912,24,7.96722632,9.29509737,1.77049474,7.96722632,1.32787105,0.23076923,1.08196901,0.27777778,0.8989,0.42105263,0.14035088,0.43859649,0.96,0.12,0.125,3.55505349,2.98422552,94.14467456,101.8443787,100.0710059,-0.876964833
672578,24,3.29268699,11.8536732,4.93903048,7.24391137,0.6585374,0.21568628,1.35366021,0.3125,0.7102,0.41538462,0.15384615,0.43076923,0.964285714,0.071428571,0.07407407,3.24320113,3.71942705,126.4695918,96.11510204,103.3532653,0.402651018
672578,25,2.39240813,6.4936792,3.75949848,9.5696325,1.02531777,0.26415094,1.48101455,0.29761905,0.6322,0.32183908,0.22988506,0.44827586,0.717948717,0.076923076,0.07142857,4.4035707,4.75362987,124.7384279,100.2515284,105.3045852,-3.632751828
672582,23,4.2,6.9,0.9,9.3,1.5,0.25833333,1.13333333,0.2826087,0.7143,0.52631579,0.15789474,0.31578947,1.666666666,0.166666666,0.06,4.28837322,3.57535767,75.88979592,101.631746,96.8170068,-2.194719831
672710,23,5.14285714,8.35714286,4.5,9,2.57142857,0.25454546,1.5,0.2631579,0.5195,0.45238095,0.16666667,0.38095238,1.1875,0.25,0.05263158,6.61218274,4.56554197,99.79568966,100.9228448,105.2517241,2.228304918
674003,25,5.23881387,8.46269934,0.40298568,6.04478524,2.01492841,0.18292683,0.71641899,0.17857143,1,0.40677966,0.10169492,0.49152542,0.827586206,0.172413793,0.04166667,4.55354931,3.12073709,73.16017442,107.5267442,100.4950581,-4.129588707
674370,27,1.6875,8.4375,3.9375,10.125,0.5625,0.27692308,1.5625,0.34693878,0.5691,0.38,0.22,0.4,0.95,0.05,0.05263158,3.69253988,4.45136868,100.937,96.89533333,97.50233333,0.475966776
675540,24,3.26373455,6.23076597,2.5219767,9.19779738,1.18681257,0.25941423,1.30219712,0.28571429,0.7849,0.31632653,0.24489796,0.43877551,0.720930232,0.093023255,0.01612903,4.47481946,4.75780259,90.27279261,101.5796715,99.96211499,-1.830637181
675627,26,5.82352941,7.94117647,2.11764706,7.41176471,0.52941177,0.21875,1.05882353,0.27083333,0.6024,0.40816327,0.18367347,0.40816327,1,0.05,0,2.96092224,3.82553552,102.994697,102.1056818,104.7094697,-2.51470588
675911,23,3.32877173,13.6849505,4.06849879,5.17808936,0,0.16666667,1.02739868,0.29787234,0.76,0.31914894,0.23404255,0.44680851,0.714285714,0,0,1.42749597,2.42335462,149.000495,102.8497525,114.0858911,-0.547908174
676254,27,4.82926829,10.097561,2.63414634,9.2195122,1.09756098,0.26086957,1.31707317,0.33636364,0.75,0.40707965,0.22123894,0.37168142,1.095238095,0.119047619,0.08695652,3.54772281,3.42269916,113.0663755,100.0950509,102.9106259,1.518588898
676477,26,2.97457868,10.0678048,1.37288247,5.72034361,1.14406872,0.17730497,0.78813623,0.2173913,0.7917,0.36082474,0.24742268,0.39175258,0.921052631,0.131578947,0,2.98531106,2.45098905,102.4210019,106.3601156,107.9930636,-1.408081224
676477,27,3.15,11.25,2.7,9.45,1.35,0.25925926,1.35,0.33962264,0.6723,0.43636364,0.21818182,0.34545455,1.263157894,0.157894736,0.08333333,3.75503988,3.17274675,99.10853994,101.2143251,103.1798898,-0.275803236
676596,25,7.3125,4.875,2.0625,8.4375,0.9375,0.24324324,1.16666667,0.25974026,0.7255,0.54487179,0.21153846,0.24358974,2.236842105,0.131578947,0.04705882,4.25336364,4.29659196,95.65916667,102.5908333,98.36194444,-2.480772747
676596,26,3.08571874,6.94286717,3.08571874,13.1143047,0.77142969,0.33333333,1.8000026,0.3902439,0.5473,0.61904762,0.21428571,0.16666667,3.714285714,0.142857142,0.11538462,3.84100229,3.3834609,86.51611374,104.5462085,99.93127962,-4.24282316
676596,27,4.06194348,4.30088133,3.34512992,7.4070734,0.95575141,0.22627737,1.19468926,0.23478261,0.7868,0.66101695,0.16949153,0.16949153,3.9,0.2,0.03846154,4.79486159,4.30374603,82.91196262,100.2966355,96.03981308,-5.012012937
676664,26,3.11539067,7.78847668,2.07692712,5.19231779,0.51923178,0.17241379,0.80769388,0.21428571,0.7353,0.48837209,0.11627907,0.39534884,1.235294117,0.058823529,0,2.99704497,3.2611564,91.05131579,97.3495614,94.51052632,-1.675990275
676710,26,2.25,12.375,5.0625,9.5625,1.125,0.25757576,1.625,0.35714286,0.6466,0.27272727,0.18181818,0.54545455,0.5,0.083333333,0.08333333,3.67492981,3.5760099,111.3464744,101.7865385,108.9025641,0.19564936
676710,27,1.66153588,7.47691145,1.66153588,4.56922366,1.24615191,0.14285714,0.69230662,0.14285714,1,0.38983051,0.11864407,0.49152542,0.793103448,0.103448275,0.13043478,3.9473465,3.80314838,108.3388013,104.8309148,109.4694006,-2.852382041
676775,25,3.70588235,5.82352941,2.11764706,6.88235294,0.52941177,0.20967742,1,0.24,0.7831,0.6122449,0.12244898,0.26530612,2.307692307,0.076923076,0.06666667,3.60798106,3.90920196,117.8656388,95.1123348,101.3585903,-3.392422897
676840,27,6.19108656,4.4713403,2.75159403,10.6624269,1.20382239,0.28971963,1.49044677,0.3038674,0.6503,0.59677419,0.1827957,0.22043011,2.707317073,0.170731707,0.11711712,4.88977658,4.430788,69.50369881,98.501321,90.79392338,-0.650802727
676879,23,5.4,13.5,3.6,5.85,1.35,0.18055556,1.05,0.25641026,0.618,0.5952381,0.07142857,0.33333333,1.785714285,0.214285714,0.16,3.47003031,2.62731736,117.3522124,99.46666667,102.7179941,-0.12855806
676879,24,3.25862637,10.7069152,2.79310832,8.844843,0,0.25675676,1.2931057,0.37254902,0.7778,0.67346939,0.2244898,0.10204082,6.6,0,0.12121212,1.97449679,2.21813495,104.1651786,99.10446429,101.2377976,-2.013709862
677960,21,3.19737267,7.81579987,1.42105452,7.46053624,1.06579089,0.22340426,0.98684342,0.26086957,0.8173,0.46376812,0.15942029,0.37681159,1.23076923,0.115384615,0.03125,3.44634647,3.50814071,84.72659847,103.0982097,97.69283887,-3.873734779
677976,26,6.06123699,7.16328008,1.65306464,13.7755386,2.75510773,0.33783784,1.71428925,0.35714286,0.381,0.47457627,0.27118644,0.25423729,1.866666666,0.333333333,0.07142857,6.10881188,3.88782927,68.39182879,99.20194553,91.26225681,4.178141439
679525,25,4.38461539,10.1538462,4.38461539,8.07692308,0.69230769,0.23178808,1.38461539,0.30769231,0.7249,0.40384615,0.21153846,0.38461538,1.05,0.075,0.04761905,3.7678604,4.04839119,97.02330827,95.02781955,95.35654135,-3.718439389
680735,26,3.19737267,8.88159076,3.90789994,5.68421809,0.35526363,0.17977528,1.06579089,0.23809524,0.5797,0.3968254,0.19047619,0.41269841,0.961538461,0.038461538,0.04,3.33398736,4.13147482,88.08725,99.9925,97.024,-2.188894135
680739,25,3.21428571,3.85714286,3.21428571,10.2857143,1.92857143,0.28070175,1.5,0.27083333,0.7303,0.43137255,0.15686275,0.41176471,1.047619047,0.142857142,0.04545455,6.32671552,5.3128596,88.6304721,94.53133047,93.24935622,1.37061995
681190,24,5.86957812,9.9782828,4.10870468,9.39132499,1.17391562,0.25396825,1.5000033,0.31818182,0.8491,0.34782609,0.23913043,0.41304348,0.842105263,0.105263157,0.0625,4.29852044,4.10635349,95.18552632,100.6832237,97.45559211,1.103832774
681217,23,5.28262031,5.86957812,7.04349374,6.45653593,1.17391562,0.2,1.5000033,0.20930233,0.6436,0.62222222,0.13333333,0.24444444,2.545454545,0.181818181,0.07142857,5.99417634,5.90110861,92.33642857,89.22071429,88.14357143,0.216812788
681857,23,0,6,1.5,3.75,0,0.12195122,0.58333333,0.15151515,0.7143,0.39393939,0.09090909,0.51515152,0.764705882,0,0,2.42170655,4.25874495,103.3345455,101.6309091,100.4430303,-2.819998322
682051,26,2.54716495,9.67922682,5.6037629,7.64149486,1.01886598,0.22727273,1.47169531,0.28888889,0.8264,0.31914894,0.19148936,0.4893617,0.652173913,0.086956521,0,4.47091778,4.35610029,88.87152104,95.17993528,92.41100324,-0.652715927
682847,24,4.60974473,7.24388458,3.95120977,11.1950944,0.65853496,0.30357143,1.68292268,0.36363636,0.787,0.4,0.24444444,0.35555556,1.125,0.0625,0.11111111,3.91357484,4.76323683,93.31349206,96.74246032,96.5515873,-0.980297079
683769,25,2.531242,3.37498934,2.531242,9.28122068,1.68749467,0.26190476,1.31249585,0.25,0.9821,0.26315789,0.13157895,0.60526316,0.434782608,0.086956521,0,5.78628189,6.47217437,84.78862275,107.3347305,102.0508982,-2.638976326
686610,25,2.84210526,8.52631579,4.5,9.47368421,0.47368421,0.26666667,1.55263158,0.33928571,0.6081,0.51785714,0.15178571,0.33035714,1.567567567,0.054054054,0.06896552,3.78135567,4.42201868,93.13118594,97.88023426,97.49238653,0.117271333
686752,25,1.5,10.125,1.5,6.75,1.875,0.20224719,0.91666667,0.22807018,1,0.32758621,0.24137931,0.43103448,0.76,0.2,0.05263158,4.46337322,3.00897219,95.24242424,100.6931818,100.0181818,0.25
686973,25,9,12.75,0.75,4.5,1.5,0.14634146,0.58333333,0.18181818,1,0.56521739,0.08695652,0.34782609,1.625,0.25,0.07692308,2.83837322,1.57643934,98.06011561,109.9682081,111.1890173,-3.803571429
694813,24,4.5957348,8.61700274,2.87233425,8.04253589,2.87233425,0.2295082,1.21276335,0.2195122,0.9286,0.48888889,0.17777778,0.33333333,1.466666666,0.333333333,0.04545455,6.82950028,3.85157985,86.32007435,98.81672862,95.73866171,-8.90429487